feature_name,feature_index,quality_classification,count,nan_count,nan_rate,zero_count,zero_rate,unique_count,mean,std,variance,min,median,p95,p99,max,finite_rate
fp_hash_00,0,NEAR_CONSTANT,1000,0,0.0,995,0.995,3,0.002408,0.034089,0.001162,0.0,0.0,0.0,0.0,0.5,1.0
fp_hash_01,1,VALID,1000,0,0.0,668,0.668,6,0.156018,0.224928,0.050592,0.0,0.0,0.5,0.5,0.816497,1.0
fp_hash_02,2,VALID,1000,0,0.0,727,0.727,4,0.190717,0.312342,0.097558,0.0,0.0,0.707107,0.707107,0.707107,1.0
fp_hash_03,3,NEAR_CONSTANT,1000,0,0.0,993,0.993,3,0.003408,0.040703,0.001657,0.0,0.0,0.0,0.0,0.5,1.0
fp_hash_04,4,NEAR_CONSTANT,1000,0,0.0,994,0.994,3,0.002725,0.035268,0.001244,0.0,0.0,0.0,0.0,0.5,1.0
fp_hash_05,5,VALID,1000,0,0.0,268,0.268,6,0.463734,0.32198,0.103671,0.0,0.5,0.816497,0.816497,0.948683,1.0
fp_hash_06,6,NEAR_CONSTANT,1000,0,0.0,989,0.989,3,0.004858,0.046316,0.002145,0.0,0.0,0.0,0.408248,0.5,1.0
fp_hash_07,7,NEAR_CONSTANT,1000,0,0.0,988,0.988,3,0.005633,0.051357,0.002638,0.0,0.0,0.0,0.408248,0.5,1.0
fp_hash_08,8,NEAR_CONSTANT,1000,0,0.0,992,0.992,3,0.003541,0.039653,0.001572,0.0,0.0,0.0,0.0,0.5,1.0
fp_hash_09,9,NEAR_CONSTANT,1000,0,0.0,991,0.991,3,0.003949,0.041667,0.001736,0.0,0.0,0.0,0.0,0.5,1.0
fp_hash_10,10,NEAR_CONSTANT,1000,0,0.0,989,0.989,3,0.005133,0.048915,0.002393,0.0,0.0,0.0,0.408248,0.5,1.0
fp_hash_11,11,NEAR_CONSTANT,1000,0,0.0,987,0.987,3,0.006133,0.053684,0.002882,0.0,0.0,0.0,0.408248,0.5,1.0
fp_hash_12,12,NEAR_CONSTANT,1000,0,0.0,993,0.993,3,0.003225,0.038615,0.001491,0.0,0.0,0.0,0.0,0.5,1.0
fp_hash_13,13,REQUIRES_SEMANTIC_REVIEW,1000,0,0.0,589,0.589,3,0.168524,0.202008,0.040807,0.0,0.0,0.408248,0.408248,0.5,1.0
fp_hash_14,14,NEAR_CONSTANT,1000,0,0.0,990,0.99,3,0.004816,0.048088,0.002312,0.0,0.0,0.0,0.004082,0.5,1.0
fp_hash_15,15,NEAR_CONSTANT,1000,0,0.0,992,0.992,3,0.003541,0.039653,0.001572,0.0,0.0,0.0,0.0,0.5,1.0
fp_hash_16,16,NEAR_CONSTANT,1000,0,0.0,997,0.997,2,0.0015,0.027359,0.000748,0.0,0.0,0.0,0.0,0.5,1.0
fp_hash_17,17,NEAR_CONSTANT,1000,0,0.0,988,0.988,3,0.005358,0.048891,0.00239,0.0,0.0,0.0,0.408248,0.5,1.0
fp_hash_18,18,VALID,1000,0,0.0,401,0.401,4,0.332082,0.303145,0.091897,0.0,0.408248,0.816497,0.816497,0.816497,1.0
fp_hash_19,19,REQUIRES_SEMANTIC_REVIEW,1000,0,0.0,971,0.971,3,0.014408,0.083463,0.006966,0.0,0.0,0.0,0.5,0.5,1.0
fp_hash_20,20,REQUIRES_SEMANTIC_REVIEW,1000,0,0.0,965,0.965,3,0.016949,0.089279,0.007971,0.0,0.0,0.0,0.5,0.5,1.0
fp_hash_21,21,REQUIRES_SEMANTIC_REVIEW,1000,0,0.0,980,0.98,3,0.009449,0.066446,0.004415,0.0,0.0,0.0,0.5,0.5,1.0
fp_hash_22,22,NEAR_CONSTANT,1000,0,0.0,985,0.985,3,0.006949,0.056612,0.003205,0.0,0.0,0.0,0.408248,0.5,1.0
fp_hash_23,23,NEAR_CONSTANT,1000,0,0.0,989,0.989,3,0.005225,0.049751,0.002475,0.0,0.0,0.0,0.408248,0.5,1.0
fp_hash_24,24,VALID,1000,0,0.0,725,0.725,4,0.191717,0.312531,0.097675,0.0,0.0,0.707107,0.707107,0.707107,1.0
fp_hash_25,25,NEAR_CONSTANT,1000,0,0.0,993,0.993,3,0.003316,0.039673,0.001574,0.0,0.0,0.0,0.0,0.5,1.0
fp_hash_26,26,NEAR_CONSTANT,1000,0,0.0,991,0.991,3,0.003949,0.041667,0.001736,0.0,0.0,0.0,0.0,0.5,1.0
fp_hash_27,27,NEAR_CONSTANT,1000,0,0.0,988,0.988,3,0.005633,0.051357,0.002638,0.0,0.0,0.0,0.408248,0.5,1.0
fp_hash_28,28,NEAR_CONSTANT,1000,0,0.0,993,0.993,3,0.003225,0.038615,0.001491,0.0,0.0,0.0,0.0,0.5,1.0
fp_hash_29,29,NEAR_CONSTANT,1000,0,0.0,981,0.981,3,0.009225,0.066478,0.004419,0.0,0.0,0.0,0.5,0.5,1.0
fp_hash_30,30,NEAR_CONSTANT,1000,0,0.0,988,0.988,3,0.005449,0.049727,0.002473,0.0,0.0,0.0,0.408248,0.5,1.0
fp_hash_31,31,NEAR_CONSTANT,1000,0,0.0,996,0.996,3,0.001725,0.027345,0.000748,0.0,0.0,0.0,0.0,0.5,1.0
ciph_n_offered,32,REQUIRES_SEMANTIC_REVIEW,1000,0,0.0,0,0.0,2,2.454087,4.586022,21.031597,-5.199337,5.199337,5.199337,5.199337,5.199337,1.0
ciph_n_grease,33,REQUIRES_SEMANTIC_REVIEW,1000,0,0.0,0,0.0,2,-1.892559,4.84508,23.474806,-5.199337,-5.199337,5.199337,5.199337,5.199337,1.0
ciph_top1_id,34,REQUIRES_SEMANTIC_REVIEW,1000,0,0.0,0,0.0,2,2.454087,4.586022,21.031597,-5.199337,5.199337,5.199337,5.199337,5.199337,1.0
ciph_top2_id,35,REQUIRES_SEMANTIC_REVIEW,1000,0,0.0,0,0.0,3,0.739943,4.233036,17.918591,-5.199337,-0.191052,5.199337,5.199337,5.199337,1.0
ciph_top3_id,36,REQUIRES_SEMANTIC_REVIEW,1000,0,0.0,0,0.0,3,0.739943,4.233036,17.918591,-5.199337,-0.191052,5.199337,5.199337,5.199337,1.0
ciph_top4_id,37,REQUIRES_SEMANTIC_REVIEW,1000,0,0.0,0,0.0,3,0.739943,4.233036,17.918591,-5.199337,-0.191052,5.199337,5.199337,5.199337,1.0
ciph_top5_id,38,REQUIRES_SEMANTIC_REVIEW,1000,0,0.0,0,0.0,3,0.739943,4.233036,17.918591,-5.199337,-0.191052,5.199337,5.199337,5.199337,1.0
ciph_mean_strength,39,REQUIRES_SEMANTIC_REVIEW,1000,0,0.0,0,0.0,3,0.254288,3.960552,15.685971,-5.199337,-0.063341,5.199337,5.199337,5.199337,1.0
ciph_min_strength,40,REQUIRES_SEMANTIC_REVIEW,1000,0,0.0,0,0.0,2,-2.454087,4.586022,21.031597,-5.199337,-5.199337,5.199337,5.199337,5.199337,1.0
ciph_offers_3des,41,CONSTANT,1000,0,0.0,0,0.0,1,-5.199338,0.0,0.0,-5.199337,-5.199337,-5.199337,-5.199337,-5.199337,1.0
ciph_offers_rc4,42,CONSTANT,1000,0,0.0,0,0.0,1,-5.199338,0.0,0.0,-5.199337,-5.199337,-5.199337,-5.199337,-5.199337,1.0
ciph_offers_null,43,CONSTANT,1000,0,0.0,0,0.0,1,-5.199338,0.0,0.0,-5.199337,-5.199337,-5.199337,-5.199337,-5.199337,1.0
ciph_pct_aead,44,REQUIRES_SEMANTIC_REVIEW,1000,0,0.0,0,0.0,3,0.254288,3.960552,15.685971,-5.199337,-0.063341,5.199337,5.199337,5.199337,1.0
ciph_pct_pfs,45,REQUIRES_SEMANTIC_REVIEW,1000,0,0.0,0,0.0,3,0.254288,3.960552,15.685971,-5.199337,-0.063341,5.199337,5.199337,5.199337,1.0
ciph_list_entropy,46,REQUIRES_SEMANTIC_REVIEW,1000,0,0.0,0,0.0,3,0.739943,4.233036,17.918591,-5.199337,-0.191052,5.199337,5.199337,5.199337,1.0
ext_bitmap_24,47,VALID,1000,0,0.0,0,0.0,5,-1.025551,2.614287,6.834497,-5.199337,-0.191052,0.781781,5.199337,5.199337,1.0
ext_count,48,VALID,1000,0,0.0,0,0.0,5,-1.071309,2.532506,6.413588,-5.199337,-0.088734,0.987837,0.987837,5.199337,1.0
ext_order_hash,49,VALID,1000,0,0.0,18,0.018,321,-1.057932,2.549616,6.50054,-5.199337,0.0,1.655064,2.336657,5.199337,1.0
ext_has_sni,50,CONSTANT,1000,0,0.0,0,0.0,1,-5.199338,0.0,0.0,-5.199337,-5.199337,-5.199337,-5.199337,-5.199337,1.0
ext_sni_is_ip,51,CONSTANT,1000,0,0.0,0,0.0,1,-5.199338,0.0,0.0,-5.199337,-5.199337,-5.199337,-5.199337,-5.199337,1.0
ext_sni_entropy,52,CONSTANT,1000,0,0.0,0,0.0,1,-5.199338,0.0,0.0,-5.199337,-5.199337,-5.199337,-5.199337,-5.199337,1.0
ext_sni_label_count,53,CONSTANT,1000,0,0.0,0,0.0,1,-5.199338,0.0,0.0,-5.199337,-5.199337,-5.199337,-5.199337,-5.199337,1.0
ext_has_alpn,54,REQUIRES_SEMANTIC_REVIEW,1000,0,0.0,0,0.0,2,2.454087,4.586022,21.031597,-5.199337,5.199337,5.199337,5.199337,5.199337,1.0
ext_alpn_hash,55,REQUIRES_SEMANTIC_REVIEW,1000,0,0.0,0,0.0,3,2.430754,4.586835,21.039061,-5.199337,5.199337,5.199337,5.199337,5.199337,1.0
ext_has_padding,56,CONSTANT,1000,0,0.0,0,0.0,1,-5.199338,0.0,0.0,-5.199337,-5.199337,-5.199337,-5.199337,-5.199337,1.0
ext_padding_len,57,CONSTANT,1000,0,0.0,0,0.0,1,-5.199338,0.0,0.0,-5.199337,-5.199337,-5.199337,-5.199337,-5.199337,1.0
crypto_selected_version,58,REQUIRES_SEMANTIC_REVIEW,1000,0,0.0,0,0.0,2,2.454087,4.586022,21.031597,-5.199337,5.199337,5.199337,5.199337,5.199337,1.0
crypto_selected_cipher,59,REQUIRES_SEMANTIC_REVIEW,1000,0,0.0,0,0.0,2,2.454087,4.586022,21.031597,-5.199337,5.199337,5.199337,5.199337,5.199337,1.0
crypto_kex_group,60,VALID,1000,0,0.0,0,0.0,18,-1.006622,2.624095,6.885875,-5.199337,-0.063341,1.690622,5.199337,5.199337,1.0
crypto_pubkey_bits,61,CONSTANT,1000,0,0.0,0,0.0,1,-5.199338,0.0,0.0,-5.199337,-5.199337,-5.199337,-5.199337,-5.199337,1.0
crypto_sig_alg,62,CONSTANT,1000,0,0.0,0,0.0,1,-5.199338,0.0,0.0,-5.199337,-5.199337,-5.199337,-5.199337,-5.199337,1.0
crypto_cert_chain_len,63,CONSTANT,1000,0,0.0,0,0.0,1,-5.199338,0.0,0.0,-5.199337,-5.199337,-5.199337,-5.199337,-5.199337,1.0
crypto_cert_lifetime_days,64,CONSTANT,1000,0,0.0,0,0.0,1,-5.199338,0.0,0.0,-5.199337,-5.199337,-5.199337,-5.199337,-5.199337,1.0
crypto_is_self_signed,65,CONSTANT,1000,0,0.0,0,0.0,1,-5.199338,0.0,0.0,-5.199337,-5.199337,-5.199337,-5.199337,-5.199337,1.0
crypto_san_count,66,CONSTANT,1000,0,0.0,0,0.0,1,-5.199338,0.0,0.0,-5.199337,-5.199337,-5.199337,-5.199337,-5.199337,1.0
crypto_risk_score,67,REQUIRES_SEMANTIC_REVIEW,1000,0,0.0,0,0.0,2,-2.454087,4.586022,21.031597,-5.199337,-5.199337,5.199337,5.199337,5.199337,1.0
meta_client_hello_len,68,REQUIRES_SEMANTIC_REVIEW,1000,0,0.0,0,0.0,3,0.254288,3.960552,15.685971,-5.199337,-0.063341,5.199337,5.199337,5.199337,1.0
meta_server_hello_len,69,REQUIRES_SEMANTIC_REVIEW,1000,0,0.0,0,0.0,2,2.454087,4.586022,21.031597,-5.199337,5.199337,5.199337,5.199337,5.199337,1.0
meta_total_hs_bytes,70,VALID,1000,0,0.0,0,0.0,611,-1.03534,2.561012,6.558783,-5.199337,0.001388,1.644719,2.322869,5.199337,1.0
meta_n_hs_packets,71,CONSTANT,1000,0,0.0,0,0.0,1,-5.199338,0.0,0.0,-5.199337,-5.199337,-5.199337,-5.199337,-5.199337,1.0
meta_pkt_size_mean,72,CONSTANT,1000,0,0.0,0,0.0,1,-5.199338,0.0,0.0,-5.199337,-5.199337,-5.199337,-5.199337,-5.199337,1.0
meta_pkt_size_std,73,CONSTANT,1000,0,0.0,0,0.0,1,-5.199338,0.0,0.0,-5.199337,-5.199337,-5.199337,-5.199337,-5.199337,1.0
meta_pkt_size_min,74,CONSTANT,1000,0,0.0,0,0.0,1,-5.199338,0.0,0.0,-5.199337,-5.199337,-5.199337,-5.199337,-5.199337,1.0
meta_pkt_size_max,75,CONSTANT,1000,0,0.0,0,0.0,1,-5.199338,0.0,0.0,-5.199337,-5.199337,-5.199337,-5.199337,-5.199337,1.0
meta_iat_mean,76,CONSTANT,1000,0,0.0,0,0.0,1,-5.199338,0.0,0.0,-5.199337,-5.199337,-5.199337,-5.199337,-5.199337,1.0
meta_iat_std,77,CONSTANT,1000,0,0.0,0,0.0,1,-5.199338,0.0,0.0,-5.199337,-5.199337,-5.199337,-5.199337,-5.199337,1.0
meta_iat_min,78,CONSTANT,1000,0,0.0,0,0.0,1,-5.199338,0.0,0.0,-5.199337,-5.199337,-5.199337,-5.199337,-5.199337,1.0
meta_iat_max,79,CONSTANT,1000,0,0.0,0,0.0,1,-5.199338,0.0,0.0,-5.199337,-5.199337,-5.199337,-5.199337,-5.199337,1.0
meta_rtt_estimate_ms,80,CONSTANT,1000,0,0.0,0,0.0,1,-5.199338,0.0,0.0,-5.199337,-5.199337,-5.199337,-5.199337,-5.199337,1.0
meta_hs_duration_ms,81,VALID,1000,0,0.0,0,0.0,775,-0.676258,2.244063,5.03582,-5.199337,-0.001676,1.643407,2.324415,5.199337,1.0
meta_tcp_retrans_count,82,CONSTANT,1000,0,0.0,0,0.0,1,-5.199338,0.0,0.0,-5.199337,-5.199337,-5.199337,-5.199337,-5.199337,1.0
meta_tcp_overlap_count,83,CONSTANT,1000,0,0.0,0,0.0,1,-5.199338,0.0,0.0,-5.199337,-5.199337,-5.199337,-5.199337,-5.199337,1.0
meta_ttl_client,84,CONSTANT,1000,0,0.0,0,0.0,1,-5.199338,0.0,0.0,-5.199337,-5.199337,-5.199337,-5.199337,-5.199337,1.0
meta_tcp_window_scale,85,CONSTANT,1000,0,0.0,0,0.0,1,-5.199338,0.0,0.0,-5.199337,-5.199337,-5.199337,-5.199337,-5.199337,1.0
beh_starttls_state,86,CONSTANT,1000,0,0.0,0,0.0,1,-5.199338,0.0,0.0,-5.199337,-5.199337,-5.199337,-5.199337,-5.199337,1.0
beh_sessions_from_src,87,CONSTANT,1000,0,0.0,0,0.0,1,-5.199338,0.0,0.0,-5.199337,-5.199337,-5.199337,-5.199337,-5.199337,1.0
beh_distinct_sni_per_src,88,CONSTANT,1000,0,0.0,0,0.0,1,-5.199338,0.0,0.0,-5.199337,-5.199337,-5.199337,-5.199337,-5.199337,1.0
beh_dst_port,89,CONSTANT,1000,0,0.0,0,0.0,1,-5.199338,0.0,0.0,-5.199337,-5.199337,-5.199337,-5.199337,-5.199337,1.0
beh_port_is_standard_mail,90,CONSTANT,1000,0,0.0,0,0.0,1,-5.199338,0.0,0.0,-5.199337,-5.199337,-5.199337,-5.199337,-5.199337,1.0
beh_bytes_up_down_ratio,91,VALID,1000,0,0.0,0,0.0,623,-1.045101,2.566941,6.589187,-5.199337,-0.00711,1.642673,2.32267,5.199337,1.0
beh_session_duration_s,92,VALID,1000,0,0.0,0,0.0,775,-0.676258,2.244063,5.03582,-5.199337,-0.001676,1.643407,2.324415,5.199337,1.0
beh_is_periodic,93,CONSTANT,1000,0,0.0,0,0.0,1,-5.199338,0.0,0.0,-5.199337,-5.199337,-5.199337,-5.199337,-5.199337,1.0
